{
  "val": {
    "MAE": 186.72736865734583,
    "RMSE": 329.10359044382847,
    "cov_90": 0.8706635230717413,
    "cov_95": 0.9039238800943078,
    "CRPS": 138.80938946085408,
    "sharpness": 188.83466252149225
  },
  "test": {
    "MAE": 169.16520161418555,
    "RMSE": 291.8853034624522,
    "cov_90": 0.9050510161059111,
    "cov_95": 0.9390336453326588,
    "CRPS": 122.27366374402676,
    "sharpness": 190.7915219045133
  }
}