{
  "val": {
    "MAE": 0.024218477106682085,
    "RMSE": 0.043383503528516165,
    "cov_90": 0.9314463009507071,
    "cov_95": 0.9525027144365195,
    "CRPS": 0.018695574457259355,
    "sharpness": 0.036868912275819204
  },
  "test": {
    "MAE": 0.025988743576829672,
    "RMSE": 0.04641968077348933,
    "cov_90": 0.9186457010428147,
    "cov_95": 0.9421856268774924,
    "CRPS": 0.019957608404004727,
    "sharpness": 0.036896221249401465
  }
}