{
  "val": {
    "MAE": 3.3551200326265436,
    "RMSE": 5.711656807991089,
    "cov_90": 0.9138871571072319,
    "cov_95": 0.947786783042394,
    "CRPS": 2.4013238130700696,
    "sharpness": 3.809279866727577
  },
  "test": {
    "MAE": 3.7583731495193358,
    "RMSE": 6.158200539251819,
    "cov_90": 0.8974486827889969,
    "cov_95": 0.9460649879498048,
    "CRPS": 2.662949288380146,
    "sharpness": 3.821536536083733
  }
}