{
  "val": {
    "MAE": 0.024784163776193455,
    "RMSE": 0.04372164298944869,
    "cov_90": 0.9095006701750363,
    "cov_95": 0.9385376345786596,
    "CRPS": 0.018825811918565003,
    "sharpness": 0.033812447889578455
  },
  "test": {
    "MAE": 0.02592680308772786,
    "RMSE": 0.04633426352802476,
    "cov_90": 0.9022041674874969,
    "cov_95": 0.9306769148645472,
    "CRPS": 0.01974048676499701,
    "sharpness": 0.03389685134124412
  }
}