{
  "val": {
    "MAE": 296.1990201756977,
    "RMSE": 2434.3374971418957,
    "cov_90": 0.826525547019302,
    "cov_95": 0.8673126165958213,
    "CRPS": 207.13167187962924,
    "sharpness": 265.81849930030455
  },
  "test": {
    "MAE": 410.85641518592007,
    "RMSE": 2735.7422218313304,
    "cov_90": 0.5440183708065568,
    "cov_95": 0.6088508891979643,
    "CRPS": 292.6660509749243,
    "sharpness": 264.12987294160354
  }
}