{
  "val": {
    "MAE": 185.8508701208319,
    "RMSE": 322.13324774594395,
    "cov_90": 0.8825902335456476,
    "cov_95": 0.921443736730361,
    "CRPS": 135.5587483238203,
    "sharpness": 192.08378349288023
  },
  "test": {
    "MAE": 169.8558066850054,
    "RMSE": 288.08288086605063,
    "cov_90": 0.9122505900021455,
    "cov_95": 0.9500107273117356,
    "CRPS": 121.45928266739628,
    "sharpness": 196.3586517115102
  }
}