{
  "val": {
    "MAE": 295.11153256494316,
    "RMSE": 2433.313805403494,
    "cov_90": 0.8269117336633165,
    "cov_95": 0.8678903388008734,
    "CRPS": 206.34980704552754,
    "sharpness": 264.11827005260807
  },
  "test": {
    "MAE": 410.4252742974906,
    "RMSE": 2726.5881874414154,
    "cov_90": 0.5437168800983102,
    "cov_95": 0.6085026051079021,
    "CRPS": 292.5011645505107,
    "sharpness": 263.17986424517295
  }
}