{
  "val": {
    "MAE": 0.6965962052345276,
    "RMSE": 0.9986292123794556,
    "cov_90": 0.9302286920319186,
    "cov_95": 0.9597692841447901,
    "CRPS": 0.5055614549571135,
    "sharpness": 0.9675804376602173
  },
  "test": {
    "MAE": 0.6991064548492432,
    "RMSE": 0.9879350662231445,
    "cov_90": 0.929609987274057,
    "cov_95": 0.9595130743229625,
    "CRPS": 0.5065540111744209,
    "sharpness": 0.9678049087524414
  }
}