{
  "val": {
    "MAE": 3.2632865387783228,
    "RMSE": 5.592385617048525,
    "cov_90": 0.9151034616128408,
    "cov_95": 0.9499129762134984,
    "CRPS": 2.344499498915267,
    "sharpness": 3.790819979058968
  },
  "test": {
    "MAE": 3.8321345866878262,
    "RMSE": 6.19831573199862,
    "cov_90": 0.9039832285115303,
    "cov_95": 0.9475890985324947,
    "CRPS": 2.698194386930173,
    "sharpness": 3.877442381268588
  }
}