{
  "val": {
    "MAE": 7.860979379649978,
    "RMSE": 9.62215085284018,
    "cov_90": 0.9194260595066192,
    "cov_95": 0.9957759618635994,
    "CRPS": 5.1289453983497815,
    "sharpness": 9.476326142553205
  },
  "test": {
    "MAE": 7.463113006339892,
    "RMSE": 9.063650697843975,
    "cov_90": 0.9565211647056363,
    "cov_95": 0.9977165656883717,
    "CRPS": 4.8031241036298535,
    "sharpness": 9.471295504266799
  }
}