{
  "val": {
    "MAE": 12.327682813894938,
    "RMSE": 106.06428167808693,
    "cov_90": null,
    "cov_95": null,
    "CRPS": null,
    "sharpness": null
  },
  "test": {
    "MAE": 11.880003582435892,
    "RMSE": 101.19465172058665,
    "cov_90": null,
    "cov_95": null,
    "CRPS": null,
    "sharpness": null
  }
}