{
  "val": {
    "MAE": 21.936438659132687,
    "RMSE": 114.30543401239035,
    "cov_90": 0.9306849654592039,
    "cov_95": 0.9589977549202983,
    "CRPS": 16.90772268132177,
    "sharpness": 34.367375961334886
  },
  "test": {
    "MAE": 21.815834989035054,
    "RMSE": 121.49359458852506,
    "cov_90": 0.9300731219282796,
    "cov_95": 0.9591328642956597,
    "CRPS": 16.814517242765138,
    "sharpness": 34.816061066278145
  }
}