{
  "val": {
    "MAE": 22.40721335598618,
    "RMSE": 116.09897715989506,
    "cov_90": 0.9307201919740951,
    "cov_95": 0.9596319532785937,
    "CRPS": 17.126865572826823,
    "sharpness": 34.42149438438986
  },
  "test": {
    "MAE": 22.09709231669998,
    "RMSE": 113.25109026798377,
    "cov_90": 0.9296618123815941,
    "cov_95": 0.9590581650456925,
    "CRPS": 16.888733087589532,
    "sharpness": 34.951578238761954
  }
}