{
  "val": {
    "MAE": 7.864511882651596,
    "RMSE": 9.636514085760878,
    "cov_90": 0.9212753802378436,
    "cov_95": 0.9961334551345563,
    "CRPS": 5.1300053208504295,
    "sharpness": 9.48632516118641
  },
  "test": {
    "MAE": 7.460894415086355,
    "RMSE": 9.057013166810696,
    "cov_90": 0.9580494119591263,
    "cov_95": 0.9980141570496047,
    "CRPS": 4.799698355807889,
    "sharpness": 9.4827898693853
  }
}